path,role,storage,expected_bytes,hash_algorithm,expected_hash,annex_key
dataset_description.json,root_metadata,git_blob,2149,sha256,1c0371d0e35e910b6cd4c3b1d1f8436c41bd41ca90657eda5f058b1386afad3b,
participants.tsv,root_metadata,git_blob,108,sha256,69aec2e61bbcec4778849381d7d36c9f13373e939a6e57007fb3b3b196fd41cf,
sub-Bubbles/ses-01/fmap/sub-Bubbles_ses-01_acq-func_dir-AP_run-2_epi.json,func_fmap_sidecar,git_blob,6054,sha256,696ed8cc8136a3730c113dc8c7669118b9686c1e488e9dabd6183889b39ca225,
sub-Bubbles/ses-01/fmap/sub-Bubbles_ses-01_acq-func_dir-AP_run-2_epi.nii.gz,func_fmap_signal,git_annex,436154,md5,699578116a6651e33f0897c5f209caa8,MD5E-s436154--699578116a6651e33f0897c5f209caa8.nii.gz
sub-Bubbles/ses-01/fmap/sub-Bubbles_ses-01_acq-func_dir-PA_run-2_epi.json,func_fmap_sidecar,git_blob,6059,sha256,394947103dcd48442484efce136669e244ae0c08700d75c6c2f6b607f0bc430d,
sub-Bubbles/ses-01/fmap/sub-Bubbles_ses-01_acq-func_dir-PA_run-2_epi.nii.gz,func_fmap_signal,git_annex,432306,md5,9217d0f3926f391c9c38ec96602ef2cd,MD5E-s432306--9217d0f3926f391c9c38ec96602ef2cd.nii.gz
sub-Bubbles/ses-01/func/sub-Bubbles_ses-01_task-SORPF_run-1_echo-1_part-mag_bold.json,sorpf_magnitude_sidecar,git_blob,1502,sha256,a2403cb236bcf8477b884e013d0207a5bdc2562f8e818f116bd9c2c25c50258a,
sub-Bubbles/ses-01/func/sub-Bubbles_ses-01_task-SORPF_run-1_echo-1_part-mag_bold.nii.gz,sorpf_magnitude_signal,git_annex,172087381,md5,f252ffb803aa079f0378c3ce0f527976,MD5E-s172087381--f252ffb803aa079f0378c3ce0f527976.nii.gz
sub-Bubbles/ses-01/func/sub-Bubbles_ses-01_task-SORPF_run-1_echo-1_part-mag_sbref.json,sorpf_magnitude_sidecar,git_blob,1502,sha256,a717cfe5e7029ad4f12f70865666378ae4e89d1a4f0f7aada131994942af64a4,
sub-Bubbles/ses-01/func/sub-Bubbles_ses-01_task-SORPF_run-1_echo-1_part-mag_sbref.nii.gz,sorpf_magnitude_signal,git_annex,601892,md5,9bd2a31b38655061d320bd1691c8401c,MD5E-s601892--9bd2a31b38655061d320bd1691c8401c.nii.gz
sub-Bubbles/ses-01/func/sub-Bubbles_ses-01_task-SORPF_run-1_echo-2_part-mag_bold.json,sorpf_magnitude_sidecar,git_blob,1506,sha256,1a1330e26d9b96db043d484b9a8d169eeafe36d053b9831bbefee55c0f731a99,
sub-Bubbles/ses-01/func/sub-Bubbles_ses-01_task-SORPF_run-1_echo-2_part-mag_bold.nii.gz,sorpf_magnitude_signal,git_annex,162049691,md5,67ed831097bb9e6a0aeac61d0e325e1f,MD5E-s162049691--67ed831097bb9e6a0aeac61d0e325e1f.nii.gz
sub-Bubbles/ses-01/func/sub-Bubbles_ses-01_task-SORPF_run-1_echo-2_part-mag_sbref.json,sorpf_magnitude_sidecar,git_blob,1503,sha256,a0597e9de8fe0dfb4f431623c3444bd685b36dae8692774c927748570bb5105a,
sub-Bubbles/ses-01/func/sub-Bubbles_ses-01_task-SORPF_run-1_echo-2_part-mag_sbref.nii.gz,sorpf_magnitude_signal,git_annex,568687,md5,26822a536f8a2973f1be8437f4bdc2cd,MD5E-s568687--26822a536f8a2973f1be8437f4bdc2cd.nii.gz
sub-Bubbles/ses-01/func/sub-Bubbles_ses-01_task-SORPF_run-1_echo-3_part-mag_bold.json,sorpf_magnitude_sidecar,git_blob,1506,sha256,cf7ea2a2d79a6161b59166647ddd0bbb2740057de9a40666dfdddcc8397bd2d6,
sub-Bubbles/ses-01/func/sub-Bubbles_ses-01_task-SORPF_run-1_echo-3_part-mag_bold.nii.gz,sorpf_magnitude_signal,git_annex,154436041,md5,4da6d634eee3cfe1c8abddab371e1023,MD5E-s154436041--4da6d634eee3cfe1c8abddab371e1023.nii.gz
sub-Bubbles/ses-01/func/sub-Bubbles_ses-01_task-SORPF_run-1_echo-3_part-mag_sbref.json,sorpf_magnitude_sidecar,git_blob,1503,sha256,2b0f4390dc65506a8306cb5a27df9a6b2495dd8fcf497aa3d3d479e4f63c4d3d,
sub-Bubbles/ses-01/func/sub-Bubbles_ses-01_task-SORPF_run-1_echo-3_part-mag_sbref.nii.gz,sorpf_magnitude_signal,git_annex,547166,md5,94c767bdf85e57891b478935868c1699,MD5E-s547166--94c767bdf85e57891b478935868c1699.nii.gz
sub-Bubbles/ses-01/func/sub-Bubbles_ses-01_task-SORPF_run-1_echo-4_part-mag_bold.json,sorpf_magnitude_sidecar,git_blob,1506,sha256,6007d0be125edb39e5595719c64526ed3c6485846c2edffc8d6a8267a4596a2f,
sub-Bubbles/ses-01/func/sub-Bubbles_ses-01_task-SORPF_run-1_echo-4_part-mag_bold.nii.gz,sorpf_magnitude_signal,git_annex,148725159,md5,cf8bbbd010fe11b2793a28268f587e39,MD5E-s148725159--cf8bbbd010fe11b2793a28268f587e39.nii.gz
sub-Bubbles/ses-01/func/sub-Bubbles_ses-01_task-SORPF_run-1_echo-4_part-mag_sbref.json,sorpf_magnitude_sidecar,git_blob,1503,sha256,83340e6aa2a69f6e7482a15279f6db8db6f0ced10873b097e7c069b6c2b210e0,
sub-Bubbles/ses-01/func/sub-Bubbles_ses-01_task-SORPF_run-1_echo-4_part-mag_sbref.nii.gz,sorpf_magnitude_signal,git_annex,530860,md5,f650eb97f0741e57ceb6da259ecf1eeb,MD5E-s530860--f650eb97f0741e57ceb6da259ecf1eeb.nii.gz
sub-Bubbles/ses-01/func/sub-Bubbles_ses-01_task-SORPF_run-1_events.tsv,sorpf_events,git_blob,7783,sha256,e2996619d1ae9c88660469426fe724bd47de7d552abff3f9d354ff622214c2bd,
sub-Bubbles/ses-01/func/sub-Bubbles_ses-01_task-SORPF_run-2_echo-1_part-mag_bold.json,sorpf_magnitude_sidecar,git_blob,1505,sha256,e7280e0f8a7aa76f33229c934a339f2c2b873bd9f01561596d03a27fac89c0d7,
sub-Bubbles/ses-01/func/sub-Bubbles_ses-01_task-SORPF_run-2_echo-1_part-mag_bold.nii.gz,sorpf_magnitude_signal,git_annex,172124250,md5,2ea871e97d4c8c5c5e6afcb19c20da74,MD5E-s172124250--2ea871e97d4c8c5c5e6afcb19c20da74.nii.gz
sub-Bubbles/ses-01/func/sub-Bubbles_ses-01_task-SORPF_run-2_echo-1_part-mag_sbref.json,sorpf_magnitude_sidecar,git_blob,1502,sha256,e933f46986bb80a684d1be9bdea428c5aff60465cbd025fae668ba9c1e8f91c9,
sub-Bubbles/ses-01/func/sub-Bubbles_ses-01_task-SORPF_run-2_echo-1_part-mag_sbref.nii.gz,sorpf_magnitude_signal,git_annex,602179,md5,a82b6c9f2b7209fdb39564551a7ff000,MD5E-s602179--a82b6c9f2b7209fdb39564551a7ff000.nii.gz
sub-Bubbles/ses-01/func/sub-Bubbles_ses-01_task-SORPF_run-2_echo-2_part-mag_bold.json,sorpf_magnitude_sidecar,git_blob,1506,sha256,5641e50ebf9100157bc7965152b6fe2b6ecfd1876e48750cc85fc83947fbb652,
sub-Bubbles/ses-01/func/sub-Bubbles_ses-01_task-SORPF_run-2_echo-2_part-mag_bold.nii.gz,sorpf_magnitude_signal,git_annex,162004013,md5,8d32058611b6283b077a9c9d30473515,MD5E-s162004013--8d32058611b6283b077a9c9d30473515.nii.gz
sub-Bubbles/ses-01/func/sub-Bubbles_ses-01_task-SORPF_run-2_echo-2_part-mag_sbref.json,sorpf_magnitude_sidecar,git_blob,1503,sha256,ebf6551f9603464ea44ee1168b9a591ff50104d7250e0ff5c33a7912a144dc89,
sub-Bubbles/ses-01/func/sub-Bubbles_ses-01_task-SORPF_run-2_echo-2_part-mag_sbref.nii.gz,sorpf_magnitude_signal,git_annex,568952,md5,d13312ea751efa0869293bbded8be788,MD5E-s568952--d13312ea751efa0869293bbded8be788.nii.gz
sub-Bubbles/ses-01/func/sub-Bubbles_ses-01_task-SORPF_run-2_echo-3_part-mag_bold.json,sorpf_magnitude_sidecar,git_blob,1506,sha256,a022adca29a7bda87825b6464176584b57f000f13960c832a89cd4555865f5d2,
sub-Bubbles/ses-01/func/sub-Bubbles_ses-01_task-SORPF_run-2_echo-3_part-mag_bold.nii.gz,sorpf_magnitude_signal,git_annex,154377781,md5,5da5e17db29d15a602a7add0a7b45815,MD5E-s154377781--5da5e17db29d15a602a7add0a7b45815.nii.gz
sub-Bubbles/ses-01/func/sub-Bubbles_ses-01_task-SORPF_run-2_echo-3_part-mag_sbref.json,sorpf_magnitude_sidecar,git_blob,1503,sha256,21e53f3ec182898ab775ee16db8e0474f607bcb1b9b634dd38dbee36803045db,
sub-Bubbles/ses-01/func/sub-Bubbles_ses-01_task-SORPF_run-2_echo-3_part-mag_sbref.nii.gz,sorpf_magnitude_signal,git_annex,547028,md5,7e78d97c061aab804bd4d2d5ff1f016e,MD5E-s547028--7e78d97c061aab804bd4d2d5ff1f016e.nii.gz
sub-Bubbles/ses-01/func/sub-Bubbles_ses-01_task-SORPF_run-2_echo-4_part-mag_bold.json,sorpf_magnitude_sidecar,git_blob,1506,sha256,e52762392ae833619b013e4c69dd05227dbda561d835d6418538f586f34c6002,
sub-Bubbles/ses-01/func/sub-Bubbles_ses-01_task-SORPF_run-2_echo-4_part-mag_bold.nii.gz,sorpf_magnitude_signal,git_annex,148675906,md5,b125c94442aa55a3cef64ae57d212ea9,MD5E-s148675906--b125c94442aa55a3cef64ae57d212ea9.nii.gz
sub-Bubbles/ses-01/func/sub-Bubbles_ses-01_task-SORPF_run-2_echo-4_part-mag_sbref.json,sorpf_magnitude_sidecar,git_blob,1503,sha256,ba8377c158c674647ae5783134847356c256b4e533aa9e5ad22ff9608d100c9a,
sub-Bubbles/ses-01/func/sub-Bubbles_ses-01_task-SORPF_run-2_echo-4_part-mag_sbref.nii.gz,sorpf_magnitude_signal,git_annex,530627,md5,86ec90017362dbcade72a3610c652fc8,MD5E-s530627--86ec90017362dbcade72a3610c652fc8.nii.gz
sub-Bubbles/ses-01/func/sub-Bubbles_ses-01_task-SORPF_run-2_events.tsv,sorpf_events,git_blob,7575,sha256,3a5908d1348d90fe4bfea01e38e43c6d3bc1a2d8e8ecd909dc993724f2071bd0,
sub-Bubbles/ses-01/sub-Bubbles_ses-01_scans.tsv,session_scans_metadata,git_blob,17659,sha256,ef405a28bbbe6ede8d300ddac022e946248b1b64fb75daf51d449aaba92c2d87,
sub-Bubbles/ses-04/anat/sub-Bubbles_ses-04_run-1_T1w.json,t1w_sidecar,git_blob,2152,sha256,30ad1ff68c2c76851c886b8e26182baddf16dfc77d2782bf7f10589dde8351e1,
sub-Bubbles/ses-04/anat/sub-Bubbles_ses-04_run-1_T1w.nii.gz,t1w_anatomical,git_annex,12512843,md5,69b9dede5096a36e1472f50faba10fd5,MD5E-s12512843--69b9dede5096a36e1472f50faba10fd5.nii.gz
sub-Bubbles/ses-04/fmap/sub-Bubbles_ses-04_acq-func_dir-AP_run-2_epi.json,func_fmap_sidecar,git_blob,6055,sha256,c276ee51c298c10321630756e89bda1eb9333c0ebae5154a6528493a0f228876,
sub-Bubbles/ses-04/fmap/sub-Bubbles_ses-04_acq-func_dir-AP_run-2_epi.nii.gz,func_fmap_signal,git_annex,439073,md5,9ea8667c771c7cf36978c65cc89c6699,MD5E-s439073--9ea8667c771c7cf36978c65cc89c6699.nii.gz
sub-Bubbles/ses-04/fmap/sub-Bubbles_ses-04_acq-func_dir-PA_run-2_epi.json,func_fmap_sidecar,git_blob,6052,sha256,f080801a3065111bd6c87b7bf9babfda49625756b6d95cff4bd634d2d1ffdd5a,
sub-Bubbles/ses-04/fmap/sub-Bubbles_ses-04_acq-func_dir-PA_run-2_epi.nii.gz,func_fmap_signal,git_annex,433620,md5,fad0290355e3f0eb9e7274fdad84e1a6,MD5E-s433620--fad0290355e3f0eb9e7274fdad84e1a6.nii.gz
sub-Bubbles/ses-04/func/sub-Bubbles_ses-04_task-SORPF_run-1_echo-1_part-mag_bold.json,sorpf_magnitude_sidecar,git_blob,1505,sha256,6ad33dda4f18f5c44d12071913c25a7f52926e6aae020c776dd627ab07fe3cf0,
sub-Bubbles/ses-04/func/sub-Bubbles_ses-04_task-SORPF_run-1_echo-1_part-mag_bold.nii.gz,sorpf_magnitude_signal,git_annex,172586057,md5,32ee0d7a62c4ae96f68c198867d7a49d,MD5E-s172586057--32ee0d7a62c4ae96f68c198867d7a49d.nii.gz
sub-Bubbles/ses-04/func/sub-Bubbles_ses-04_task-SORPF_run-1_echo-1_part-mag_sbref.json,sorpf_magnitude_sidecar,git_blob,1503,sha256,634a4fb14529fb958f0b88dc8498f52af02981f544d0dd65962e008f979851ad,
sub-Bubbles/ses-04/func/sub-Bubbles_ses-04_task-SORPF_run-1_echo-1_part-mag_sbref.nii.gz,sorpf_magnitude_signal,git_annex,603114,md5,341d472b630823bd04ff84852b912936,MD5E-s603114--341d472b630823bd04ff84852b912936.nii.gz
sub-Bubbles/ses-04/func/sub-Bubbles_ses-04_task-SORPF_run-1_echo-2_part-mag_bold.json,sorpf_magnitude_sidecar,git_blob,1506,sha256,c48d25caa5e356c356813e35c5e27815ddbcff656f60fe733c563df9934c20f5,
sub-Bubbles/ses-04/func/sub-Bubbles_ses-04_task-SORPF_run-1_echo-2_part-mag_bold.nii.gz,sorpf_magnitude_signal,git_annex,162563377,md5,46714fece3eda9073297ba3170d3353b,MD5E-s162563377--46714fece3eda9073297ba3170d3353b.nii.gz
sub-Bubbles/ses-04/func/sub-Bubbles_ses-04_task-SORPF_run-1_echo-2_part-mag_sbref.json,sorpf_magnitude_sidecar,git_blob,1504,sha256,ba7daad212a408cb3203e57cff814ff1faac85f0b85a021454f0fd0dc47726e2,
sub-Bubbles/ses-04/func/sub-Bubbles_ses-04_task-SORPF_run-1_echo-2_part-mag_sbref.nii.gz,sorpf_magnitude_signal,git_annex,570301,md5,fee6b19143fdd2e5411d2461fddc29c6,MD5E-s570301--fee6b19143fdd2e5411d2461fddc29c6.nii.gz
sub-Bubbles/ses-04/func/sub-Bubbles_ses-04_task-SORPF_run-1_echo-3_part-mag_bold.json,sorpf_magnitude_sidecar,git_blob,1506,sha256,a7a9185738f64795acd521ac108faa2d93ab77bbc0ec673ae59132e5ab4a17d0,
sub-Bubbles/ses-04/func/sub-Bubbles_ses-04_task-SORPF_run-1_echo-3_part-mag_bold.nii.gz,sorpf_magnitude_signal,git_annex,155019029,md5,275531bd749ff650a7ee2b0d061b5b7f,MD5E-s155019029--275531bd749ff650a7ee2b0d061b5b7f.nii.gz
sub-Bubbles/ses-04/func/sub-Bubbles_ses-04_task-SORPF_run-1_echo-3_part-mag_sbref.json,sorpf_magnitude_sidecar,git_blob,1504,sha256,34c2d294a28b30fec2099c1c15b7ad750fe38f042b50f8179eb50d8281a816e2,
sub-Bubbles/ses-04/func/sub-Bubbles_ses-04_task-SORPF_run-1_echo-3_part-mag_sbref.nii.gz,sorpf_magnitude_signal,git_annex,549352,md5,3bcaec56c7e248e6f8b5fee097c225e4,MD5E-s549352--3bcaec56c7e248e6f8b5fee097c225e4.nii.gz
sub-Bubbles/ses-04/func/sub-Bubbles_ses-04_task-SORPF_run-1_echo-4_part-mag_bold.json,sorpf_magnitude_sidecar,git_blob,1506,sha256,1575db49a5b1c652caf5f309c3c049fc3d6ec14a5e1b370424d35cb043562176,
sub-Bubbles/ses-04/func/sub-Bubbles_ses-04_task-SORPF_run-1_echo-4_part-mag_bold.nii.gz,sorpf_magnitude_signal,git_annex,149305309,md5,e22db076f234cca382ed04b409699532,MD5E-s149305309--e22db076f234cca382ed04b409699532.nii.gz
sub-Bubbles/ses-04/func/sub-Bubbles_ses-04_task-SORPF_run-1_echo-4_part-mag_sbref.json,sorpf_magnitude_sidecar,git_blob,1504,sha256,905ac603d181673815c45a3e12e7588540bdfc24abc0851872a9c27c1c46cba7,
sub-Bubbles/ses-04/func/sub-Bubbles_ses-04_task-SORPF_run-1_echo-4_part-mag_sbref.nii.gz,sorpf_magnitude_signal,git_annex,532749,md5,37c2967e0a4e61337f500690658fcf39,MD5E-s532749--37c2967e0a4e61337f500690658fcf39.nii.gz
sub-Bubbles/ses-04/func/sub-Bubbles_ses-04_task-SORPF_run-1_events.tsv,sorpf_events,git_blob,7553,sha256,f6aa36428ec3520f4eb1414b58ab5560d043f8872d41fe7b5845e2127216590a,
sub-Bubbles/ses-04/func/sub-Bubbles_ses-04_task-SORPF_run-2_echo-1_part-mag_bold.json,sorpf_magnitude_sidecar,git_blob,1506,sha256,36a657a38e654c17f0d9461535c3ae197184756d494b8355247f4f6546894b2b,
sub-Bubbles/ses-04/func/sub-Bubbles_ses-04_task-SORPF_run-2_echo-1_part-mag_bold.nii.gz,sorpf_magnitude_signal,git_annex,172683298,md5,e699014b359790fbe6bb84e31de94960,MD5E-s172683298--e699014b359790fbe6bb84e31de94960.nii.gz
sub-Bubbles/ses-04/func/sub-Bubbles_ses-04_task-SORPF_run-2_echo-1_part-mag_sbref.json,sorpf_magnitude_sidecar,git_blob,1503,sha256,9fe78c289d590581ed12272b105f1ce6f07e8f37a801cb9720281a4e23b37e1f,
sub-Bubbles/ses-04/func/sub-Bubbles_ses-04_task-SORPF_run-2_echo-1_part-mag_sbref.nii.gz,sorpf_magnitude_signal,git_annex,603539,md5,2e797b755a959f30105d59462dfd7dba,MD5E-s603539--2e797b755a959f30105d59462dfd7dba.nii.gz
sub-Bubbles/ses-04/func/sub-Bubbles_ses-04_task-SORPF_run-2_echo-2_part-mag_bold.json,sorpf_magnitude_sidecar,git_blob,1507,sha256,13de64bd54aeeec71ffd3b5de95e1690bd5020cf0ffdd4cc24c5b4f97eb3614f,
sub-Bubbles/ses-04/func/sub-Bubbles_ses-04_task-SORPF_run-2_echo-2_part-mag_bold.nii.gz,sorpf_magnitude_signal,git_annex,162615116,md5,598c92e2d29ad744f3dc02c6695dcee9,MD5E-s162615116--598c92e2d29ad744f3dc02c6695dcee9.nii.gz
sub-Bubbles/ses-04/func/sub-Bubbles_ses-04_task-SORPF_run-2_echo-2_part-mag_sbref.json,sorpf_magnitude_sidecar,git_blob,1504,sha256,85335a25642d6c96eacb840d3eaa7785297ac902171d6590fe850d9bfe75228c,
sub-Bubbles/ses-04/func/sub-Bubbles_ses-04_task-SORPF_run-2_echo-2_part-mag_sbref.nii.gz,sorpf_magnitude_signal,git_annex,570484,md5,726b2cf436d6c101a4aa9851c557b33a,MD5E-s570484--726b2cf436d6c101a4aa9851c557b33a.nii.gz
sub-Bubbles/ses-04/func/sub-Bubbles_ses-04_task-SORPF_run-2_echo-3_part-mag_bold.json,sorpf_magnitude_sidecar,git_blob,1507,sha256,a1ad57379b7948cc7146f45dc1e20c5ada31bec5fb8da8feb9e6112cc5eb6b2f,
sub-Bubbles/ses-04/func/sub-Bubbles_ses-04_task-SORPF_run-2_echo-3_part-mag_bold.nii.gz,sorpf_magnitude_signal,git_annex,155050464,md5,62f77697e5dc82a5984f7c162562f423,MD5E-s155050464--62f77697e5dc82a5984f7c162562f423.nii.gz
sub-Bubbles/ses-04/func/sub-Bubbles_ses-04_task-SORPF_run-2_echo-3_part-mag_sbref.json,sorpf_magnitude_sidecar,git_blob,1504,sha256,bfb8f64276014dacf735fdc92aad3fe782b3f5f6cd1362f0a616502b0a934005,
sub-Bubbles/ses-04/func/sub-Bubbles_ses-04_task-SORPF_run-2_echo-3_part-mag_sbref.nii.gz,sorpf_magnitude_signal,git_annex,549302,md5,76e8a912411d25a576b3bfa3df499541,MD5E-s549302--76e8a912411d25a576b3bfa3df499541.nii.gz
sub-Bubbles/ses-04/func/sub-Bubbles_ses-04_task-SORPF_run-2_echo-4_part-mag_bold.json,sorpf_magnitude_sidecar,git_blob,1507,sha256,8a9d6f9d5541a58edcc55b65e564aa43b41f89d83c825e6c7f5ac766008fcfe0,
sub-Bubbles/ses-04/func/sub-Bubbles_ses-04_task-SORPF_run-2_echo-4_part-mag_bold.nii.gz,sorpf_magnitude_signal,git_annex,149284579,md5,d0c0539d1f5d40f36c9cffaceab71e60,MD5E-s149284579--d0c0539d1f5d40f36c9cffaceab71e60.nii.gz
sub-Bubbles/ses-04/func/sub-Bubbles_ses-04_task-SORPF_run-2_echo-4_part-mag_sbref.json,sorpf_magnitude_sidecar,git_blob,1504,sha256,2e05346e896b08af6e3a88172537f8c67190f9ffcb4bb18f1819f8fec3e7e813,
sub-Bubbles/ses-04/func/sub-Bubbles_ses-04_task-SORPF_run-2_echo-4_part-mag_sbref.nii.gz,sorpf_magnitude_signal,git_annex,532713,md5,87ad5ac5d2088ad044d2f20a658ceed8,MD5E-s532713--87ad5ac5d2088ad044d2f20a658ceed8.nii.gz
sub-Bubbles/ses-04/func/sub-Bubbles_ses-04_task-SORPF_run-2_events.tsv,sorpf_events,git_blob,7533,sha256,0d6b34d359c85a61661b8457a710338544d9e79c0df1e24cd77a1152e85c4951,
sub-Bubbles/ses-04/sub-Bubbles_ses-04_scans.tsv,session_scans_metadata,git_blob,18770,sha256,7ed7ac56c482b2ec8b4e8969515ec2e2fb77433729bc27bc0f42e6e00e155a65,
sub-Buttercup/ses-04/fmap/sub-Buttercup_ses-04_acq-func_dir-AP_run-3_epi.json,func_fmap_sidecar,git_blob,6123,sha256,f4a319fbc45d613ceb8019ce51037fedd48bb4f2cddae2f66638bfd2c419316f,
sub-Buttercup/ses-04/fmap/sub-Buttercup_ses-04_acq-func_dir-AP_run-3_epi.nii.gz,func_fmap_signal,git_annex,443002,md5,fcc1ce4dc2d3fab02c5f172ecd5b579d,MD5E-s443002--fcc1ce4dc2d3fab02c5f172ecd5b579d.nii.gz
sub-Buttercup/ses-04/fmap/sub-Buttercup_ses-04_acq-func_dir-PA_run-3_epi.json,func_fmap_sidecar,git_blob,6124,sha256,33ab9d2ea8644c792d33970c053a37dab46a6226d61ebf154fc3d2a4453f9b29,
sub-Buttercup/ses-04/fmap/sub-Buttercup_ses-04_acq-func_dir-PA_run-3_epi.nii.gz,func_fmap_signal,git_annex,436902,md5,316cbf4e9096a96994b211d54b6bac9a,MD5E-s436902--316cbf4e9096a96994b211d54b6bac9a.nii.gz
sub-Buttercup/ses-04/func/sub-Buttercup_ses-04_task-SORPF_run-1_echo-1_part-mag_bold.json,sorpf_magnitude_sidecar,git_blob,1507,sha256,f44d6cb06a53c4d4c9ea8da6d6d3d46064512daa16e4c41a77ce492353046b06,
sub-Buttercup/ses-04/func/sub-Buttercup_ses-04_task-SORPF_run-1_echo-1_part-mag_bold.nii.gz,sorpf_magnitude_signal,git_annex,172525134,md5,9f72fc159c46e8b6b4ae2303d73e5136,MD5E-s172525134--9f72fc159c46e8b6b4ae2303d73e5136.nii.gz
sub-Buttercup/ses-04/func/sub-Buttercup_ses-04_task-SORPF_run-1_echo-1_part-mag_sbref.json,sorpf_magnitude_sidecar,git_blob,1503,sha256,9a1088851739086af7e3b0fb4cbfba1eb07638de281555754266fbc69db8de6b,
sub-Buttercup/ses-04/func/sub-Buttercup_ses-04_task-SORPF_run-1_echo-1_part-mag_sbref.nii.gz,sorpf_magnitude_signal,git_annex,604321,md5,795e7addb417bc28eb67511d9b506b19,MD5E-s604321--795e7addb417bc28eb67511d9b506b19.nii.gz
sub-Buttercup/ses-04/func/sub-Buttercup_ses-04_task-SORPF_run-1_echo-2_part-mag_bold.json,sorpf_magnitude_sidecar,git_blob,1505,sha256,33a30a6d420f4a042be436a4705044373d0ec433402b6d478e30ab37385e4400,
sub-Buttercup/ses-04/func/sub-Buttercup_ses-04_task-SORPF_run-1_echo-2_part-mag_bold.nii.gz,sorpf_magnitude_signal,git_annex,161654088,md5,056f26041def6884ec8871888a4c9431,MD5E-s161654088--056f26041def6884ec8871888a4c9431.nii.gz
sub-Buttercup/ses-04/func/sub-Buttercup_ses-04_task-SORPF_run-1_echo-2_part-mag_sbref.json,sorpf_magnitude_sidecar,git_blob,1504,sha256,d2634f6dc8f872aff56fbabcd0f885361b93611433729cfab5d260fdd2e62404,
sub-Buttercup/ses-04/func/sub-Buttercup_ses-04_task-SORPF_run-1_echo-2_part-mag_sbref.nii.gz,sorpf_magnitude_signal,git_annex,569162,md5,4714fbfc2c29e4d806004c52dfef9f9f,MD5E-s569162--4714fbfc2c29e4d806004c52dfef9f9f.nii.gz
sub-Buttercup/ses-04/func/sub-Buttercup_ses-04_task-SORPF_run-1_echo-3_part-mag_bold.json,sorpf_magnitude_sidecar,git_blob,1508,sha256,4a1e9ab25508b91a252b0d9cb6dd9d3ceeaa3e8a81caa4885a12455c11cd7f16,
sub-Buttercup/ses-04/func/sub-Buttercup_ses-04_task-SORPF_run-1_echo-3_part-mag_bold.nii.gz,sorpf_magnitude_signal,git_annex,154276400,md5,054b7a8351f9443aaac797e7bd1721a6,MD5E-s154276400--054b7a8351f9443aaac797e7bd1721a6.nii.gz
sub-Buttercup/ses-04/func/sub-Buttercup_ses-04_task-SORPF_run-1_echo-3_part-mag_sbref.json,sorpf_magnitude_sidecar,git_blob,1504,sha256,626b296011f947e043d7c52183bdfe5c5ff11217e215d12798e0d5fee59a2fea,
sub-Buttercup/ses-04/func/sub-Buttercup_ses-04_task-SORPF_run-1_echo-3_part-mag_sbref.nii.gz,sorpf_magnitude_signal,git_annex,548958,md5,180b10f813844c8d0ad406ad400ca1ee,MD5E-s548958--180b10f813844c8d0ad406ad400ca1ee.nii.gz
sub-Buttercup/ses-04/func/sub-Buttercup_ses-04_task-SORPF_run-1_echo-4_part-mag_bold.json,sorpf_magnitude_sidecar,git_blob,1505,sha256,d242046c4a2f4576c9a041e203ed905b99b7cd74ae6879a6a32f9e5e88336d98,
sub-Buttercup/ses-04/func/sub-Buttercup_ses-04_task-SORPF_run-1_echo-4_part-mag_bold.nii.gz,sorpf_magnitude_signal,git_annex,148743380,md5,51b6460dbec0ee345dbb72f3036ace7a,MD5E-s148743380--51b6460dbec0ee345dbb72f3036ace7a.nii.gz
sub-Buttercup/ses-04/func/sub-Buttercup_ses-04_task-SORPF_run-1_echo-4_part-mag_sbref.json,sorpf_magnitude_sidecar,git_blob,1504,sha256,cc5364ceb26ec08da06372068a0085b382fb2825f61ef25b7603c5757fa23acf,
sub-Buttercup/ses-04/func/sub-Buttercup_ses-04_task-SORPF_run-1_echo-4_part-mag_sbref.nii.gz,sorpf_magnitude_signal,git_annex,533415,md5,a26659bd59daaa4df34155acb0aad980,MD5E-s533415--a26659bd59daaa4df34155acb0aad980.nii.gz
sub-Buttercup/ses-04/func/sub-Buttercup_ses-04_task-SORPF_run-1_events.tsv,sorpf_events,git_blob,7678,sha256,22f8be170e44c5c07da25e9c4dd0c14100d74f4cc703229849b6a8dc158e7c0b,
sub-Buttercup/ses-04/func/sub-Buttercup_ses-04_task-SORPF_run-2_echo-1_part-mag_bold.json,sorpf_magnitude_sidecar,git_blob,1507,sha256,d22f76ad517da26ad013f7bf2bc6768b3c06a936336b042a2e72f6aac7bb0dff,
sub-Buttercup/ses-04/func/sub-Buttercup_ses-04_task-SORPF_run-2_echo-1_part-mag_bold.nii.gz,sorpf_magnitude_signal,git_annex,171986922,md5,10e72a900fff397f4fef3a9483b5c2c7,MD5E-s171986922--10e72a900fff397f4fef3a9483b5c2c7.nii.gz
sub-Buttercup/ses-04/func/sub-Buttercup_ses-04_task-SORPF_run-2_echo-1_part-mag_sbref.json,sorpf_magnitude_sidecar,git_blob,1504,sha256,04c3f5f5d8de71c5502d002323c8e4540dd3303838bd35dec43caafe44bf314e,
sub-Buttercup/ses-04/func/sub-Buttercup_ses-04_task-SORPF_run-2_echo-1_part-mag_sbref.nii.gz,sorpf_magnitude_signal,git_annex,602305,md5,96690590c8f344fa264787da206aeb1c,MD5E-s602305--96690590c8f344fa264787da206aeb1c.nii.gz
sub-Buttercup/ses-04/func/sub-Buttercup_ses-04_task-SORPF_run-2_echo-2_part-mag_bold.json,sorpf_magnitude_sidecar,git_blob,1508,sha256,d197c3df9c79c638ce45c170c40daf368269a81ac0dfb44698aadfa0386e6c0b,
sub-Buttercup/ses-04/func/sub-Buttercup_ses-04_task-SORPF_run-2_echo-2_part-mag_bold.nii.gz,sorpf_magnitude_signal,git_annex,161219130,md5,dad94789b2e8049da4be6e5b80dce5fe,MD5E-s161219130--dad94789b2e8049da4be6e5b80dce5fe.nii.gz
sub-Buttercup/ses-04/func/sub-Buttercup_ses-04_task-SORPF_run-2_echo-2_part-mag_sbref.json,sorpf_magnitude_sidecar,git_blob,1505,sha256,89e451306febcc758465c984aef9217c586a3f2fcb4c4b4262ee5e5eb856fa76,
sub-Buttercup/ses-04/func/sub-Buttercup_ses-04_task-SORPF_run-2_echo-2_part-mag_sbref.nii.gz,sorpf_magnitude_signal,git_annex,567433,md5,d1290c02642e390002ee6b92dbdbae0c,MD5E-s567433--d1290c02642e390002ee6b92dbdbae0c.nii.gz
sub-Buttercup/ses-04/func/sub-Buttercup_ses-04_task-SORPF_run-2_echo-3_part-mag_bold.json,sorpf_magnitude_sidecar,git_blob,1508,sha256,3fe1c05f546c5aa11e1e210c1d162673b1b7c8583ccc64d94014101185886c36,
sub-Buttercup/ses-04/func/sub-Buttercup_ses-04_task-SORPF_run-2_echo-3_part-mag_bold.nii.gz,sorpf_magnitude_signal,git_annex,153785965,md5,9405b279424488f7d9dec1daac9f63a4,MD5E-s153785965--9405b279424488f7d9dec1daac9f63a4.nii.gz
sub-Buttercup/ses-04/func/sub-Buttercup_ses-04_task-SORPF_run-2_echo-3_part-mag_sbref.json,sorpf_magnitude_sidecar,git_blob,1505,sha256,ee782b8c84df943eb1e6f13d6b9ec384cd9ffccec83896a861f8b1a307d95cec,
sub-Buttercup/ses-04/func/sub-Buttercup_ses-04_task-SORPF_run-2_echo-3_part-mag_sbref.nii.gz,sorpf_magnitude_signal,git_annex,547246,md5,271a1ce5a49393d96eb74deea798b187,MD5E-s547246--271a1ce5a49393d96eb74deea798b187.nii.gz
sub-Buttercup/ses-04/func/sub-Buttercup_ses-04_task-SORPF_run-2_echo-4_part-mag_bold.json,sorpf_magnitude_sidecar,git_blob,1508,sha256,00cce35b09158dc7e3ae699eebfa6e0988df5b37eca0e28854bd559921fcc8f5,
sub-Buttercup/ses-04/func/sub-Buttercup_ses-04_task-SORPF_run-2_echo-4_part-mag_bold.nii.gz,sorpf_magnitude_signal,git_annex,148280204,md5,06acd6bf8e01025c8294e544fd5be90e,MD5E-s148280204--06acd6bf8e01025c8294e544fd5be90e.nii.gz
sub-Buttercup/ses-04/func/sub-Buttercup_ses-04_task-SORPF_run-2_echo-4_part-mag_sbref.json,sorpf_magnitude_sidecar,git_blob,1505,sha256,a382f2b682130f5340ca09eea52c589fa060802c3ea52d2093aaad9aa0f47f32,
sub-Buttercup/ses-04/func/sub-Buttercup_ses-04_task-SORPF_run-2_echo-4_part-mag_sbref.nii.gz,sorpf_magnitude_signal,git_annex,531973,md5,1e83250cfb4703bc217bbab6534781b8,MD5E-s531973--1e83250cfb4703bc217bbab6534781b8.nii.gz
sub-Buttercup/ses-04/func/sub-Buttercup_ses-04_task-SORPF_run-2_events.tsv,sorpf_events,git_blob,7682,sha256,64c008779f1addea0893b7bacf222a3e284f832ee31b3a1201c987c2fad398e5,
sub-Buttercup/ses-04/sub-Buttercup_ses-04_scans.tsv,session_scans_metadata,git_blob,24094,sha256,d3d952bbd23b35101777032f74c087dd949bb4c98f892dcfaa06571e979c3a9f,
sub-Buttercup/ses-05/anat/sub-Buttercup_ses-05_run-1_T1w.json,t1w_sidecar,git_blob,2152,sha256,e3ace44da8ca11c608a15b226bf1de94a5681fc64dbb506a3adeb8184b841d59,
sub-Buttercup/ses-05/anat/sub-Buttercup_ses-05_run-1_T1w.nii.gz,t1w_anatomical,git_annex,13651134,md5,cd1c3996f2ba9e781d1552aa027e16f7,MD5E-s13651134--cd1c3996f2ba9e781d1552aa027e16f7.nii.gz
sub-Buttercup/ses-05/fmap/sub-Buttercup_ses-05_acq-func_dir-AP_run-2_epi.json,func_fmap_sidecar,git_blob,6121,sha256,28cc10ef13dfa142c9459af0dd203832fd6f8c5c6f4c8586331a08676a729b71,
sub-Buttercup/ses-05/fmap/sub-Buttercup_ses-05_acq-func_dir-AP_run-2_epi.nii.gz,func_fmap_signal,git_annex,437834,md5,b65c84f1475a8508f7455f6792d32b24,MD5E-s437834--b65c84f1475a8508f7455f6792d32b24.nii.gz
sub-Buttercup/ses-05/fmap/sub-Buttercup_ses-05_acq-func_dir-PA_run-2_epi.json,func_fmap_sidecar,git_blob,6115,sha256,1edc68f387415ce2becee275ee708719873d01c4de123afbbdba0e6b4e4d6aa8,
sub-Buttercup/ses-05/fmap/sub-Buttercup_ses-05_acq-func_dir-PA_run-2_epi.nii.gz,func_fmap_signal,git_annex,432615,md5,1464bc3fb73a2520c3bcb3963b1d21db,MD5E-s432615--1464bc3fb73a2520c3bcb3963b1d21db.nii.gz
sub-Buttercup/ses-05/func/sub-Buttercup_ses-05_task-SORPF_run-1_echo-1_part-mag_bold.json,sorpf_magnitude_sidecar,git_blob,1505,sha256,bd3ba1225781ab8930cc81eaacb14e385bf74833b3e6cfe4dc6687c0d3d97238,
sub-Buttercup/ses-05/func/sub-Buttercup_ses-05_task-SORPF_run-1_echo-1_part-mag_bold.nii.gz,sorpf_magnitude_signal,git_annex,172046849,md5,089e5a0b388fb7da72aa03a637f6ce60,MD5E-s172046849--089e5a0b388fb7da72aa03a637f6ce60.nii.gz
sub-Buttercup/ses-05/func/sub-Buttercup_ses-05_task-SORPF_run-1_echo-1_part-mag_sbref.json,sorpf_magnitude_sidecar,git_blob,1502,sha256,6abc3548df47705e9ddb56ab474232c6f01e228bf62c58d7559173328c15268f,
sub-Buttercup/ses-05/func/sub-Buttercup_ses-05_task-SORPF_run-1_echo-1_part-mag_sbref.nii.gz,sorpf_magnitude_signal,git_annex,601471,md5,3f58ca06fa9bfdafc13f8d83f46204f1,MD5E-s601471--3f58ca06fa9bfdafc13f8d83f46204f1.nii.gz
sub-Buttercup/ses-05/func/sub-Buttercup_ses-05_task-SORPF_run-1_echo-2_part-mag_bold.json,sorpf_magnitude_sidecar,git_blob,1506,sha256,c367e4ef8d25fb6bdb28b5d8c8400551e3b65e570a6d35b07f387e1c27da7048,
sub-Buttercup/ses-05/func/sub-Buttercup_ses-05_task-SORPF_run-1_echo-2_part-mag_bold.nii.gz,sorpf_magnitude_signal,git_annex,161128225,md5,b3bf0f1f3c027b4f1dd2baad99470d17,MD5E-s161128225--b3bf0f1f3c027b4f1dd2baad99470d17.nii.gz
sub-Buttercup/ses-05/func/sub-Buttercup_ses-05_task-SORPF_run-1_echo-2_part-mag_sbref.json,sorpf_magnitude_sidecar,git_blob,1503,sha256,c039a4cba3f55d5a9077b0e3eb5466c88cc32b7af351b45f51621886308685e6,
sub-Buttercup/ses-05/func/sub-Buttercup_ses-05_task-SORPF_run-1_echo-2_part-mag_sbref.nii.gz,sorpf_magnitude_signal,git_annex,566574,md5,d49a23c00e4aa578b86915e4a97a98ea,MD5E-s566574--d49a23c00e4aa578b86915e4a97a98ea.nii.gz
sub-Buttercup/ses-05/func/sub-Buttercup_ses-05_task-SORPF_run-1_echo-3_part-mag_bold.json,sorpf_magnitude_sidecar,git_blob,1506,sha256,acb83dd2c41d9d1dc012e450b2854784bc8e232e64a7d482e8e30f11bfa9ad26,
sub-Buttercup/ses-05/func/sub-Buttercup_ses-05_task-SORPF_run-1_echo-3_part-mag_bold.nii.gz,sorpf_magnitude_signal,git_annex,153903041,md5,99cddf908fc49a6035dac0f88306b4e5,MD5E-s153903041--99cddf908fc49a6035dac0f88306b4e5.nii.gz
sub-Buttercup/ses-05/func/sub-Buttercup_ses-05_task-SORPF_run-1_echo-3_part-mag_sbref.json,sorpf_magnitude_sidecar,git_blob,1503,sha256,9d76d10b3467fb3f80d72e49bff56cb5031b6f45dcb54bd34a60dde59eae2224,
sub-Buttercup/ses-05/func/sub-Buttercup_ses-05_task-SORPF_run-1_echo-3_part-mag_sbref.nii.gz,sorpf_magnitude_signal,git_annex,546798,md5,9c83236c5eacdf5d0c9c411477bd7d53,MD5E-s546798--9c83236c5eacdf5d0c9c411477bd7d53.nii.gz
sub-Buttercup/ses-05/func/sub-Buttercup_ses-05_task-SORPF_run-1_echo-4_part-mag_bold.json,sorpf_magnitude_sidecar,git_blob,1506,sha256,9ebe4cd5d387489848abab2420b946842e2085d3f433cbb4737f3a8f0bc2d5ea,
sub-Buttercup/ses-05/func/sub-Buttercup_ses-05_task-SORPF_run-1_echo-4_part-mag_bold.nii.gz,sorpf_magnitude_signal,git_annex,148375585,md5,7f049f91a77eb255e32ab694dbc04dfa,MD5E-s148375585--7f049f91a77eb255e32ab694dbc04dfa.nii.gz
sub-Buttercup/ses-05/func/sub-Buttercup_ses-05_task-SORPF_run-1_echo-4_part-mag_sbref.json,sorpf_magnitude_sidecar,git_blob,1503,sha256,5d0295aaa845cc65d7d12d403b8900351a9d2dd10dfb2b770740ce62e5bd35bc,
sub-Buttercup/ses-05/func/sub-Buttercup_ses-05_task-SORPF_run-1_echo-4_part-mag_sbref.nii.gz,sorpf_magnitude_signal,git_annex,531773,md5,a2ba017e16d09c992f3fc28551729804,MD5E-s531773--a2ba017e16d09c992f3fc28551729804.nii.gz
sub-Buttercup/ses-05/func/sub-Buttercup_ses-05_task-SORPF_run-1_events.tsv,sorpf_events,git_blob,7646,sha256,0946049569f967b49c1c1365b11b716050ae0fb8d68587079fde02d7f65f1555,
sub-Buttercup/ses-05/func/sub-Buttercup_ses-05_task-SORPF_run-2_echo-1_part-mag_bold.json,sorpf_magnitude_sidecar,git_blob,1505,sha256,b43650102bb3acdd382cede36f88c7bce30e481b8d6456610e64b8b8695e95af,
sub-Buttercup/ses-05/func/sub-Buttercup_ses-05_task-SORPF_run-2_echo-1_part-mag_bold.nii.gz,sorpf_magnitude_signal,git_annex,171940524,md5,76447c8475359220dee0d0a1bce6631f,MD5E-s171940524--76447c8475359220dee0d0a1bce6631f.nii.gz
sub-Buttercup/ses-05/func/sub-Buttercup_ses-05_task-SORPF_run-2_echo-1_part-mag_sbref.json,sorpf_magnitude_sidecar,git_blob,1502,sha256,d80fde8229e1077ef2706ab2d9ec8ba64fecb21b419dd54b0715d79e3fa9ca15,
sub-Buttercup/ses-05/func/sub-Buttercup_ses-05_task-SORPF_run-2_echo-1_part-mag_sbref.nii.gz,sorpf_magnitude_signal,git_annex,601090,md5,1869246b3e32ae44299b8c8b64928917,MD5E-s601090--1869246b3e32ae44299b8c8b64928917.nii.gz
sub-Buttercup/ses-05/func/sub-Buttercup_ses-05_task-SORPF_run-2_echo-2_part-mag_bold.json,sorpf_magnitude_sidecar,git_blob,1506,sha256,feac34411d609ad34d4e7ef210ee8713a9a52724e0be1039ed0e31996ce3c217,
sub-Buttercup/ses-05/func/sub-Buttercup_ses-05_task-SORPF_run-2_echo-2_part-mag_bold.nii.gz,sorpf_magnitude_signal,git_annex,161014600,md5,d61fbcd441a570c57e1db8d876f98eda,MD5E-s161014600--d61fbcd441a570c57e1db8d876f98eda.nii.gz
sub-Buttercup/ses-05/func/sub-Buttercup_ses-05_task-SORPF_run-2_echo-2_part-mag_sbref.json,sorpf_magnitude_sidecar,git_blob,1503,sha256,03ca55eb0e813a8d3e596c5e71dc74b7b140eb16ce8c83b8e0f41f2a21bb9524,
sub-Buttercup/ses-05/func/sub-Buttercup_ses-05_task-SORPF_run-2_echo-2_part-mag_sbref.nii.gz,sorpf_magnitude_signal,git_annex,566040,md5,98f286c1435450179fd62fa7219a59cc,MD5E-s566040--98f286c1435450179fd62fa7219a59cc.nii.gz
sub-Buttercup/ses-05/func/sub-Buttercup_ses-05_task-SORPF_run-2_echo-3_part-mag_bold.json,sorpf_magnitude_sidecar,git_blob,1506,sha256,9540f716dde0871ddc4bf204fd697cf14682e887ea52707adfc8dde688d39935,
sub-Buttercup/ses-05/func/sub-Buttercup_ses-05_task-SORPF_run-2_echo-3_part-mag_bold.nii.gz,sorpf_magnitude_signal,git_annex,153740634,md5,9a70d680df0215a986aac7ee4aea223e,MD5E-s153740634--9a70d680df0215a986aac7ee4aea223e.nii.gz
sub-Buttercup/ses-05/func/sub-Buttercup_ses-05_task-SORPF_run-2_echo-3_part-mag_sbref.json,sorpf_magnitude_sidecar,git_blob,1503,sha256,18bd649c649fc4cd847a6be174f87bf90fee2b0e71788648b5e206eaee32b4cf,
sub-Buttercup/ses-05/func/sub-Buttercup_ses-05_task-SORPF_run-2_echo-3_part-mag_sbref.nii.gz,sorpf_magnitude_signal,git_annex,546137,md5,b3507dc501d021c38bd26ee6c3f867ec,MD5E-s546137--b3507dc501d021c38bd26ee6c3f867ec.nii.gz
sub-Buttercup/ses-05/func/sub-Buttercup_ses-05_task-SORPF_run-2_echo-4_part-mag_bold.json,sorpf_magnitude_sidecar,git_blob,1506,sha256,1a6f34974b3057f1b532c61e04a84c0a3719f313fa23a2457b6c26e112062670,
sub-Buttercup/ses-05/func/sub-Buttercup_ses-05_task-SORPF_run-2_echo-4_part-mag_bold.nii.gz,sorpf_magnitude_signal,git_annex,148303255,md5,da84539c9ca269fff92dfe4a3da39d79,MD5E-s148303255--da84539c9ca269fff92dfe4a3da39d79.nii.gz
sub-Buttercup/ses-05/func/sub-Buttercup_ses-05_task-SORPF_run-2_echo-4_part-mag_sbref.json,sorpf_magnitude_sidecar,git_blob,1503,sha256,bc499e44c61a6aec3ca479d1b12d2149e6980e25f140c01ad6786592de52b998,
sub-Buttercup/ses-05/func/sub-Buttercup_ses-05_task-SORPF_run-2_echo-4_part-mag_sbref.nii.gz,sorpf_magnitude_signal,git_annex,531381,md5,13d4bb7372f59a6f2e08f0c9ca097696,MD5E-s531381--13d4bb7372f59a6f2e08f0c9ca097696.nii.gz
sub-Buttercup/ses-05/func/sub-Buttercup_ses-05_task-SORPF_run-2_events.tsv,sorpf_events,git_blob,7745,sha256,7bf1cd15e90ba317cc877640c4b39411c539e3a22fa84d32268316e02714930b,
sub-Buttercup/ses-05/sub-Buttercup_ses-05_scans.tsv,session_scans_metadata,git_blob,24505,sha256,026860d1caff35b5aefa309b0805054eaadd653635848f65f9af344a27b1da19,
sub-PILOT02/ses-01/anat/sub-PILOT02_ses-01_run-1_T1w.json,t1w_sidecar,git_blob,2157,sha256,14cb0d51e313ae09f85e86cb88e3a43eb6a4cf9f9e0fee194524d21076b226f5,
sub-PILOT02/ses-01/anat/sub-PILOT02_ses-01_run-1_T1w.nii.gz,t1w_anatomical,git_annex,13681141,md5,0105cb16f8f215efeff8bd0fb0b25ecb,MD5E-s13681141--0105cb16f8f215efeff8bd0fb0b25ecb.nii.gz
sub-PILOT02/ses-01/fmap/sub-PILOT02_ses-01_acq-func_dir-AP_run-3_epi.json,func_fmap_sidecar,git_blob,4647,sha256,429cda63d104706df64cdab61bf8800a4c6b8cc53c434edb8ab85798a465bd90,
sub-PILOT02/ses-01/fmap/sub-PILOT02_ses-01_acq-func_dir-AP_run-3_epi.nii.gz,func_fmap_signal,git_annex,451440,md5,ccefabb8dc53aa2d0b0ec1b277f0d8b1,MD5E-s451440--ccefabb8dc53aa2d0b0ec1b277f0d8b1.nii.gz
sub-PILOT02/ses-01/fmap/sub-PILOT02_ses-01_acq-func_dir-PA_run-3_epi.json,func_fmap_sidecar,git_blob,4654,sha256,6fd0a7c7ee4bbed11e257c7c5ab52593661023f43e286303f79a4b87e3fb6e13,
sub-PILOT02/ses-01/fmap/sub-PILOT02_ses-01_acq-func_dir-PA_run-3_epi.nii.gz,func_fmap_signal,git_annex,445526,md5,bae5bd162a7320446bca8f19c1e2ea3e,MD5E-s445526--bae5bd162a7320446bca8f19c1e2ea3e.nii.gz
sub-PILOT02/ses-01/func/sub-PILOT02_ses-01_task-SORPF_run-1_echo-1_part-mag_bold.json,sorpf_magnitude_sidecar,git_blob,1508,sha256,51df358706a9a10cbb91b54f066479602b1dcaf86efea965452bbbe668ba3f30,
sub-PILOT02/ses-01/func/sub-PILOT02_ses-01_task-SORPF_run-1_echo-1_part-mag_bold.nii.gz,sorpf_magnitude_signal,git_annex,179659177,md5,aa5204526c5d1c23b7e438a26a5c5cf6,MD5E-s179659177--aa5204526c5d1c23b7e438a26a5c5cf6.nii.gz
sub-PILOT02/ses-01/func/sub-PILOT02_ses-01_task-SORPF_run-1_echo-1_part-mag_sbref.json,sorpf_magnitude_sidecar,git_blob,1505,sha256,146dfae063dfa7c462e212f4279acaf35c1edea859a85d1b82ce3354cae040ee,
sub-PILOT02/ses-01/func/sub-PILOT02_ses-01_task-SORPF_run-1_echo-1_part-mag_sbref.nii.gz,sorpf_magnitude_signal,git_annex,613151,md5,5e95de8edf3ebce2352247b6169cd1f3,MD5E-s613151--5e95de8edf3ebce2352247b6169cd1f3.nii.gz
sub-PILOT02/ses-01/func/sub-PILOT02_ses-01_task-SORPF_run-1_echo-2_part-mag_bold.json,sorpf_magnitude_sidecar,git_blob,1509,sha256,58638f0ad5e8c18c04b68f735a466781f68b8039a5230fa99c25d32a498a02aa,
sub-PILOT02/ses-01/func/sub-PILOT02_ses-01_task-SORPF_run-1_echo-2_part-mag_bold.nii.gz,sorpf_magnitude_signal,git_annex,168338458,md5,8be88c1e9b7729c2965196ee703587d5,MD5E-s168338458--8be88c1e9b7729c2965196ee703587d5.nii.gz
sub-PILOT02/ses-01/func/sub-PILOT02_ses-01_task-SORPF_run-1_echo-2_part-mag_sbref.json,sorpf_magnitude_sidecar,git_blob,1506,sha256,b61e0094842a2becf99ff578e27521f5f52cbf6210a70134a769f8e3f75040ca,
sub-PILOT02/ses-01/func/sub-PILOT02_ses-01_task-SORPF_run-1_echo-2_part-mag_sbref.nii.gz,sorpf_magnitude_signal,git_annex,581455,md5,1d4e87dbaf4a01e51f668a0b052876ca,MD5E-s581455--1d4e87dbaf4a01e51f668a0b052876ca.nii.gz
sub-PILOT02/ses-01/func/sub-PILOT02_ses-01_task-SORPF_run-1_echo-3_part-mag_bold.json,sorpf_magnitude_sidecar,git_blob,1509,sha256,63c9a09e24dded0ea16b94137237d17cefc93fac246be57cb6ed19f330a77375,
sub-PILOT02/ses-01/func/sub-PILOT02_ses-01_task-SORPF_run-1_echo-3_part-mag_bold.nii.gz,sorpf_magnitude_signal,git_annex,158749333,md5,c503b5f66d8f0f0ec6676f8dbf67f528,MD5E-s158749333--c503b5f66d8f0f0ec6676f8dbf67f528.nii.gz
sub-PILOT02/ses-01/func/sub-PILOT02_ses-01_task-SORPF_run-1_echo-3_part-mag_sbref.json,sorpf_magnitude_sidecar,git_blob,1506,sha256,55c76922ec0cdd6a5d7975da62f3644d40586524a5dec2c00107fa65ca66b3d8,
sub-PILOT02/ses-01/func/sub-PILOT02_ses-01_task-SORPF_run-1_echo-3_part-mag_sbref.nii.gz,sorpf_magnitude_signal,git_annex,555613,md5,10b39360e2be48856a7c0191dbac88ad,MD5E-s555613--10b39360e2be48856a7c0191dbac88ad.nii.gz
sub-PILOT02/ses-01/func/sub-PILOT02_ses-01_task-SORPF_run-1_echo-4_part-mag_bold.json,sorpf_magnitude_sidecar,git_blob,1509,sha256,37f9b496035a41fdf1c8323a9a10b18320e7e67e7c23f89a619d93734d5f2978,
sub-PILOT02/ses-01/func/sub-PILOT02_ses-01_task-SORPF_run-1_echo-4_part-mag_bold.nii.gz,sorpf_magnitude_signal,git_annex,151051401,md5,24cd69226d21a71e8e9ea9ecb80bd34f,MD5E-s151051401--24cd69226d21a71e8e9ea9ecb80bd34f.nii.gz
sub-PILOT02/ses-01/func/sub-PILOT02_ses-01_task-SORPF_run-1_echo-4_part-mag_sbref.json,sorpf_magnitude_sidecar,git_blob,1506,sha256,6e3fa6879849d4bdd625c0836e160ac68700a22e62388869007f6500f880cfca,
sub-PILOT02/ses-01/func/sub-PILOT02_ses-01_task-SORPF_run-1_echo-4_part-mag_sbref.nii.gz,sorpf_magnitude_signal,git_annex,536155,md5,c73ef1c6652647999d14bc737f0f2682,MD5E-s536155--c73ef1c6652647999d14bc737f0f2682.nii.gz
sub-PILOT02/ses-01/func/sub-PILOT02_ses-01_task-SORPF_run-1_events.tsv,sorpf_events,git_blob,8957,sha256,417ac510c6d24279f0afee506a90c94fb7022dd849081ce4c7b739343ca5824d,
sub-PILOT02/ses-01/sub-PILOT02_ses-01_scans.tsv,session_scans_metadata,git_blob,12790,sha256,4326b2ae8b211ac3e4e11e849091b8e2234c5960295c7e0a6b9800146cfa295d,
task-SORPF_bold.json,root_metadata,git_blob,1997,sha256,cebf39f808ee6f98f868090b1a318ab51b2db4e47e122758521440a80fd9a3c3,
task-SORPF_events.json,root_metadata,git_blob,1530,sha256,7bd35cc7922e4f4c3a1a9bfe9b0f95b824ecca4a2db4eae91377d45598f4c664,
