participant_id,derivative_path,pointer_blob_sha,annex_key,bytes,sha256,annex_hash_path,annex_location_log_blob_sha,annex_remote_metadata_blob_sha,present_nemar_s3,present_openneuro_s3_public,present_openneuro_source,s3_export_path,s3_version_id,bytes_acquired
sub-01,derivatives/crossdecoding/sub-01_task-touchdecoding_crossdecoding.mat,a23b5a176d835779d490a52a022dc002ff0cd7a3,SHA256E-s2731199--f99f426a2115b5b882febf080937cf7cc1676abde16729ff19e2890fe40a4385.mat,2731199,f99f426a2115b5b882febf080937cf7cc1676abde16729ff19e2890fe40a4385,a0d/b5c,f5661391c6c5f4391bd13f45d2ee4002fd268974,f7dd15b928d202706c472d91aa14225fd70353d6,true,true,true,ds004563/derivatives/crossdecoding/sub-01_task-touchdecoding_crossdecoding.mat,dmmyVIKm0LMWq3b6lsN50OIfUTroTzuZ,false
sub-02,derivatives/crossdecoding/sub-02_task-touchdecoding_crossdecoding.mat,679f2d7caa0f412c481a8a4c55e4d563015f78a7,SHA256E-s2698552--feab57680aede9da6da1e0c38371a2dc2e39c980c155175ea9a2a027743adace.mat,2698552,feab57680aede9da6da1e0c38371a2dc2e39c980c155175ea9a2a027743adace,0f7/4d9,d8a11fc27bb312c5637c6701f637e05cd319fc9b,4070697800191a54fe40c833e2b71c00bef13fe3,true,true,true,ds004563/derivatives/crossdecoding/sub-02_task-touchdecoding_crossdecoding.mat,ePmWKhOri1Y1BXo8ltc3S6rxy4oX0bn2,false
sub-03,derivatives/crossdecoding/sub-03_task-touchdecoding_crossdecoding.mat,b6d92308fb005aa2f40ad8db6b0cd9d1d60f30c9,SHA256E-s2653046--20c97f7a8d46507a63c16b93235e991ffb3d563bfb60092d3739cac94406f4f7.mat,2653046,20c97f7a8d46507a63c16b93235e991ffb3d563bfb60092d3739cac94406f4f7,702/59b,14dffbc428e572fe63f1922809d49f430334dc87,71b6f8b15ce8cbece102078b2d995c4681189e2b,true,true,true,ds004563/derivatives/crossdecoding/sub-03_task-touchdecoding_crossdecoding.mat,PkZk3sJ3s.iSP46Px2BrtHgeWv8e8Pug,false
sub-04,derivatives/crossdecoding/sub-04_task-touchdecoding_crossdecoding.mat,14f9f658f15cd2e8b626ba6ff498f7ac902c99c3,SHA256E-s2717415--72bb9689c136c6252eff019fad76a9d497456a4a1c7f220c006b766789c485b3.mat,2717415,72bb9689c136c6252eff019fad76a9d497456a4a1c7f220c006b766789c485b3,49a/1d4,05f0d9683896f2d2518db4dc5511930c719523b9,4f82b1aaeb2862862e573bd2d10e517c851b74a0,true,true,true,ds004563/derivatives/crossdecoding/sub-04_task-touchdecoding_crossdecoding.mat,FCdKA2V.TKOhEjulix8sA3HqT6kcYTBX,false
sub-05,derivatives/crossdecoding/sub-05_task-touchdecoding_crossdecoding.mat,33fb85c398d4ba8464177d29b9b75b7d120a0c73,SHA256E-s2679715--7d474f2dfbeb2eeab290c5584610351ab131d06d4559e7c99ef557b26607496f.mat,2679715,7d474f2dfbeb2eeab290c5584610351ab131d06d4559e7c99ef557b26607496f,497/5b2,d68bf849df963a5c4d654224c04612b21d333f3c,833d14b4097cbd9cf8e8cd8fc5d697113e65396e,true,true,true,ds004563/derivatives/crossdecoding/sub-05_task-touchdecoding_crossdecoding.mat,RdskEgFe9NbNug5FHyQUuce5xYf9QTnF,false
sub-06,derivatives/crossdecoding/sub-06_task-touchdecoding_crossdecoding.mat,2cede779c1eda49aaff0a868b6426b1da4438042,SHA256E-s2625589--9257474d0d9f64ca238ee26f19ddf31aa4c7f50bc6299a96669a2fd7b67d9194.mat,2625589,9257474d0d9f64ca238ee26f19ddf31aa4c7f50bc6299a96669a2fd7b67d9194,339/ae7,d912be74cdbfa88f74e9a7becac21b5852c0bc37,593ad60e5348376ad722050734dbba5d1a169da3,true,true,true,ds004563/derivatives/crossdecoding/sub-06_task-touchdecoding_crossdecoding.mat,nvsA5f0L2rrqKQjt6CicM_ezxUMYFo69,false
sub-07,derivatives/crossdecoding/sub-07_task-touchdecoding_crossdecoding.mat,ecdb1960eb8f3e5e7ce388f6966190e39307c901,SHA256E-s2664835--30d042c7daf3003205837aa2e015206ccfc6650256c035425ea3bc0b46a08355.mat,2664835,30d042c7daf3003205837aa2e015206ccfc6650256c035425ea3bc0b46a08355,055/eb1,e8843f1b2699d0b82f4f0b32e260a02549d8877b,970059c7aeb5f2067d221fe4b0404c4d530f93b9,true,true,true,ds004563/derivatives/crossdecoding/sub-07_task-touchdecoding_crossdecoding.mat,q9BNF9GaCWGd3WBh.8ztB2heOTdhnQQL,false
sub-08,derivatives/crossdecoding/sub-08_task-touchdecoding_crossdecoding.mat,3d6edf826633494354612463659b23e3c4c1507d,SHA256E-s2743960--95c5bf760434f3662f5ae5c5e50d41daf3c0c6cb80096b11ba92bbd45c571d60.mat,2743960,95c5bf760434f3662f5ae5c5e50d41daf3c0c6cb80096b11ba92bbd45c571d60,a26/622,c6844203ce1e193ce6581c5d63d65a5ea1dc4d0b,bc82d08b5ccaf831449c8ddc78728f593f407e3c,true,true,true,ds004563/derivatives/crossdecoding/sub-08_task-touchdecoding_crossdecoding.mat,Itiq_KYgcdq3lfNCvw42Imgins70x.Pw,false
sub-09,derivatives/crossdecoding/sub-09_task-touchdecoding_crossdecoding.mat,e61da28edc3bd8979733941045c68c3725e53c83,SHA256E-s2762978--5bd9915d3797f5f5e9f9b46b3514250289072962dead2037aa821ccb891adbc9.mat,2762978,5bd9915d3797f5f5e9f9b46b3514250289072962dead2037aa821ccb891adbc9,51c/0ad,ab8b4c978b865b4a21e3adaac2fe1e627a4eb54d,3b26b140b5473dbed009f606d9a8f524f3961ded,true,true,true,ds004563/derivatives/crossdecoding/sub-09_task-touchdecoding_crossdecoding.mat,E5rWqVu1uxItKz6nNAker8MT3z7BWkaA,false
sub-10,derivatives/crossdecoding/sub-10_task-touchdecoding_crossdecoding.mat,8347d816bd70a695ef5f4921a4fd454109c6ac89,SHA256E-s2615014--9f34dcd503432c68abd84ee208f3cb19493598581e72066a2782e5beebd9e4cb.mat,2615014,9f34dcd503432c68abd84ee208f3cb19493598581e72066a2782e5beebd9e4cb,931/308,3995eb4a44c7681b15f03850093281c074358e6e,344e5cb430b534e725d166e189db831f211bb15a,true,true,true,ds004563/derivatives/crossdecoding/sub-10_task-touchdecoding_crossdecoding.mat,NedvRaBDP7Zv3VGV1X7OiD4duYLdrsyr,false
sub-11,derivatives/crossdecoding/sub-11_task-touchdecoding_crossdecoding.mat,8c771f0d51e8521feb83dd921e563e5aac785ead,SHA256E-s2655549--8073c20d905ff2b4f3e56d89728136849f1b6f63002557e08df1232ded9df2a6.mat,2655549,8073c20d905ff2b4f3e56d89728136849f1b6f63002557e08df1232ded9df2a6,f1a/070,23fefbf7055404cd9ae8dced26cca144ef95c81e,e3015076af00622cc5ee865ea10df260a6707627,true,true,true,ds004563/derivatives/crossdecoding/sub-11_task-touchdecoding_crossdecoding.mat,V2qOXAeF7lRa5vJPOUjSvYDcGB4n5iwG,false
sub-12,derivatives/crossdecoding/sub-12_task-touchdecoding_crossdecoding.mat,3f6d0e7b01342b2581dfc9a9e5c6596d1b69e06e,SHA256E-s2738784--c4f25b4f16b4060dd3ad9923a9d44bd1b42b0244560b33c5405590e56c83f36a.mat,2738784,c4f25b4f16b4060dd3ad9923a9d44bd1b42b0244560b33c5405590e56c83f36a,548/1d5,732c1e6bc3a1c31c7e1875489e35e76466f29e4f,97331ec210cfbf368bac7d3c2a286301256f691b,true,true,true,ds004563/derivatives/crossdecoding/sub-12_task-touchdecoding_crossdecoding.mat,468qB.6oOMlOcVibZVFK1Hpj3SZ2yRpM,false
sub-13,derivatives/crossdecoding/sub-13_task-touchdecoding_crossdecoding.mat,cd781ab158cc552bc7dbe6cd3242d8601426f1ba,SHA256E-s2687251--71fd9f639646c42f333325b1882cef3f89e4863235f742be59b9a9c7a966d480.mat,2687251,71fd9f639646c42f333325b1882cef3f89e4863235f742be59b9a9c7a966d480,c2f/3c9,187c589484fb530f2a7e5efabf606ff6033001d1,da766169ecbbc9ef0cfa1f643fc5db0c46920e9e,true,true,true,ds004563/derivatives/crossdecoding/sub-13_task-touchdecoding_crossdecoding.mat,Q1LjujaJYfr6YS6x8MufR4.qQtElo26l,false
sub-14,derivatives/crossdecoding/sub-14_task-touchdecoding_crossdecoding.mat,edb06ddaa2fd4dd9eb5fbc3f12bcb47c4e6bda8e,SHA256E-s2713857--e4d3ac35119923927f78be3224b487b1fd535efc0d596e5a54d309a9095f32f6.mat,2713857,e4d3ac35119923927f78be3224b487b1fd535efc0d596e5a54d309a9095f32f6,2e7/58f,4751d54ceb9a3b9949a0c231ce724abcb5bd5af4,63e915008a8ad9ced2df16c4da6a10177c14ff22,true,true,true,ds004563/derivatives/crossdecoding/sub-14_task-touchdecoding_crossdecoding.mat,7ueRUH0J8iIQ8FVaybT6eXFg.t7EVSDN,false
sub-15,derivatives/crossdecoding/sub-15_task-touchdecoding_crossdecoding.mat,1643ac9e1f8c1072c41ccbf9f866a00a4ff1999c,SHA256E-s2728546--5914d105a79aacd49722f97e548ccd5c88940256337a6e635373fdac29fa4de4.mat,2728546,5914d105a79aacd49722f97e548ccd5c88940256337a6e635373fdac29fa4de4,b71/4eb,2b34753e7fa5b17cffe73e493edfa885e1af5c7a,c4b601ae071f5c5becd3ab4148202c772406482a,true,true,true,ds004563/derivatives/crossdecoding/sub-15_task-touchdecoding_crossdecoding.mat,Ih6cqWWcEnHTlHK.kj6d_rfzBfFFZeVd,false
sub-17,derivatives/crossdecoding/sub-17_task-touchdecoding_crossdecoding.mat,d70f5643afcd4af27f4aedecf3e1fb00625b0de6,SHA256E-s2697887--f7a9a8e312a4f290caf8b20665e28fc16b0273157677a63a54fb105fcd20ca9f.mat,2697887,f7a9a8e312a4f290caf8b20665e28fc16b0273157677a63a54fb105fcd20ca9f,d69/652,d7cb03f6007ee2a5e8083f9c3fb446cd6afa68bf,3dad0af8af174b3ac719c888cf4c61b323b60728,true,true,true,ds004563/derivatives/crossdecoding/sub-17_task-touchdecoding_crossdecoding.mat,p62iTv8UaMjE8GyLRjx9vH74Dt8dWK6w,false
sub-18,derivatives/crossdecoding/sub-18_task-touchdecoding_crossdecoding.mat,26a8cdbbfc3543e846573a98f1f4fe1cd2d39983,SHA256E-s2690446--e91a39b16ce5e2837c80115bbc76c32c40f3c3f80004cf928284cba16cfd923d.mat,2690446,e91a39b16ce5e2837c80115bbc76c32c40f3c3f80004cf928284cba16cfd923d,111/457,c36b49ba1c6b8f60a611497461895cd65eddc89f,8cb71c61baf1ff10374e0759ebda04b3fdfb2916,true,true,true,ds004563/derivatives/crossdecoding/sub-18_task-touchdecoding_crossdecoding.mat,Rfs1RBzJDMzpd3E3LGJvZ7jCKX0DMtLb,false
sub-19,derivatives/crossdecoding/sub-19_task-touchdecoding_crossdecoding.mat,9720cb6cf8dbd73888172f6f25947d2f5805a9dd,SHA256E-s2685205--a0a97cc53ad02d666a97e0a5c59f80f5a67fe5dde71a4f44521c14e980639e40.mat,2685205,a0a97cc53ad02d666a97e0a5c59f80f5a67fe5dde71a4f44521c14e980639e40,ebc/a8f,e7734e4a976d0883f6b12675f6d3e86838c90168,8f23736f73b985b2252f3da51e3b0473e9cf6f47,true,true,true,ds004563/derivatives/crossdecoding/sub-19_task-touchdecoding_crossdecoding.mat,GHe3shEO.RenlQ0.o1aVGiqcFqZRo001,false
sub-20,derivatives/crossdecoding/sub-20_task-touchdecoding_crossdecoding.mat,9dd31c0f02e3f427bc862bb4e8e82b6d1db74ef5,SHA256E-s2670669--a9f4080ea912972f4e4ee88cdb9b60a6ff0af4c7db3926d113bd5af1d6f493aa.mat,2670669,a9f4080ea912972f4e4ee88cdb9b60a6ff0af4c7db3926d113bd5af1d6f493aa,bcf/c6c,abdb3374540f85d7af7ee48bc287704f5121ede4,c005484b03e53a18414fc3ae2c162b79e29c5613,true,true,true,ds004563/derivatives/crossdecoding/sub-20_task-touchdecoding_crossdecoding.mat,0yoPP2InqwtSbgkfWKWWali_emmwyLpb,false
sub-21,derivatives/crossdecoding/sub-21_task-touchdecoding_crossdecoding.mat,cc126bff7668ad8911c87e16037d249417f8531f,SHA256E-s2649621--ad79a0f85f1d8b4f0f99722b85f7e1a51b9af40209e7f3e50a71d80b8f4f0680.mat,2649621,ad79a0f85f1d8b4f0f99722b85f7e1a51b9af40209e7f3e50a71d80b8f4f0680,ecb/e5a,f4591e1ea12c081c479de71d80b88fafe41367e5,3933e4a3a5b0e9c5078ae6f1f46f80195626acb8,true,true,true,ds004563/derivatives/crossdecoding/sub-21_task-touchdecoding_crossdecoding.mat,zkgT1O_bbf3eKCcLDpat7Hf56l7EgrjA,false
sub-22,derivatives/crossdecoding/sub-22_task-touchdecoding_crossdecoding.mat,3623d7db976be9b641e60d65236b4340fed339cc,SHA256E-s2742517--df9f9c21c1c622e1e5c9011ebf157864a69e2ece69dd95721537a5050fd47aa5.mat,2742517,df9f9c21c1c622e1e5c9011ebf157864a69e2ece69dd95721537a5050fd47aa5,203/477,ca1e53727af081bb0b5bcfe026ad21db07945391,c282f7a9d9dc9150f5c716543a9255765a18e384,true,true,true,ds004563/derivatives/crossdecoding/sub-22_task-touchdecoding_crossdecoding.mat,pQmKBbyUjiDKg1JRV5WGunHtuPGHRali,false
sub-23,derivatives/crossdecoding/sub-23_task-touchdecoding_crossdecoding.mat,903a5d6af0733d2012798f119d2d1c9a1bcf8458,SHA256E-s2515519--f42f1686f19e15efc4df103a93ce4ed660c20999c7b82419511c985dd7a24c5a.mat,2515519,f42f1686f19e15efc4df103a93ce4ed660c20999c7b82419511c985dd7a24c5a,af6/8e0,a59c744d44dfc665030a6c91b90aa97d415bc9e0,c327dbc234061bc257d3eb97a424997b4175c9cf,true,true,true,ds004563/derivatives/crossdecoding/sub-23_task-touchdecoding_crossdecoding.mat,n45kgci.u8qB0Z7xjOwplWO_._tXq8V5,false
sub-24,derivatives/crossdecoding/sub-24_task-touchdecoding_crossdecoding.mat,cdc03923e7d3f5a58beef7aaf18fb57799ce5e23,SHA256E-s2722251--3c8df84416a0e422c237e4c8567f7c2401f1dcadacf681f5572bc9c0fb5ed1b5.mat,2722251,3c8df84416a0e422c237e4c8567f7c2401f1dcadacf681f5572bc9c0fb5ed1b5,c0a/743,9a5aa96ed17a3e97429a7a3ccac6ff627db0bf68,4d246123b9a5228e2b744b29a2b5bed07e6a65d8,true,true,true,ds004563/derivatives/crossdecoding/sub-24_task-touchdecoding_crossdecoding.mat,sTfhZedE6gwlpdUQJMa7in241eWTIM1p,false
sub-25,derivatives/crossdecoding/sub-25_task-touchdecoding_crossdecoding.mat,9a05165d817816a94396e8876a45431ea68b7180,SHA256E-s2749876--33f1dfed79c7711b8369ca8666c4dc86be793a221061a3f03078ff2c0a1ade7e.mat,2749876,33f1dfed79c7711b8369ca8666c4dc86be793a221061a3f03078ff2c0a1ade7e,8e9/a4a,f7d06b81880c2d30153c55146304c8377ed0d995,2272c13993f96f9626334fdf9854e9ae0466d5d3,true,true,true,ds004563/derivatives/crossdecoding/sub-25_task-touchdecoding_crossdecoding.mat,Ag5Okp.9BAeGuBcTtpLv5M26V7nBGxN8,false
sub-26,derivatives/crossdecoding/sub-26_task-touchdecoding_crossdecoding.mat,7065ff130eb1faa13d2d0a7e568cdc84458d8f4b,SHA256E-s2651794--62a8bf06b4e75cc2da78c22e54c0466c0bd7a82b51007256d393320ca5167054.mat,2651794,62a8bf06b4e75cc2da78c22e54c0466c0bd7a82b51007256d393320ca5167054,e8f/3b2,576185f99ae5ad2bbd53bd089c8c2e57d78053c2,a0c03cbfa7476b17ef81a61e240135bc4016c2a5,true,true,true,ds004563/derivatives/crossdecoding/sub-26_task-touchdecoding_crossdecoding.mat,UtFybsvz_398K751z57yzEtDzIKl3uF7,false
sub-27,derivatives/crossdecoding/sub-27_task-touchdecoding_crossdecoding.mat,49bb85d504490415410e07a083df80c263b99809,SHA256E-s2720911--08861e5a292e4cd05de11dc90459fb857d8f7fcf61917a0ce53db8afea7bbf1a.mat,2720911,08861e5a292e4cd05de11dc90459fb857d8f7fcf61917a0ce53db8afea7bbf1a,93c/44f,2e37b1de83b16f31128a7e145a179ca515481209,32a739e13feaacb2d92d36bfa75c062d5ae27521,true,true,true,ds004563/derivatives/crossdecoding/sub-27_task-touchdecoding_crossdecoding.mat,fBmScuhvQ8jYIL1yXzj9AluidvVlLrJx,false
sub-28,derivatives/crossdecoding/sub-28_task-touchdecoding_crossdecoding.mat,ff3da07e78dc19ebf089d2cd9e494262a8095acb,SHA256E-s2736960--63c8f404a110410542be6a7a86ec01d4d2621cdf1e3b61e68332fb3cac2a4889.mat,2736960,63c8f404a110410542be6a7a86ec01d4d2621cdf1e3b61e68332fb3cac2a4889,298/6be,96604ac67d6cade6952a853251e172009fa1ad9e,77b7bd930d7b49a7df745cfe020473ce0fc12c43,true,true,true,ds004563/derivatives/crossdecoding/sub-28_task-touchdecoding_crossdecoding.mat,ziWSi6BNcDtX8vwhKpll3FMRgctVbwcD,false
sub-29,derivatives/crossdecoding/sub-29_task-touchdecoding_crossdecoding.mat,509c68a40af21401ce2ab7e9bf6518d9dc4e23e1,SHA256E-s2737537--bedd6375b08b9993a445c931d50a065e3871339839860b4da02f1344f5531cef.mat,2737537,bedd6375b08b9993a445c931d50a065e3871339839860b4da02f1344f5531cef,82e/830,e3cd890fa33be1d6be4199766a13d62b6bf5042e,4a70f0b00f29a7e1391af69c80616a28916e0dba,true,true,true,ds004563/derivatives/crossdecoding/sub-29_task-touchdecoding_crossdecoding.mat,.wWY3IKFhfb40gRvSiRYj83rfrFaeShN,false
sub-30,derivatives/crossdecoding/sub-30_task-touchdecoding_crossdecoding.mat,9e9441e7e45e27d7ae1e4bd0625d531d1b6658a8,SHA256E-s2717455--33ff7f87afeaa9f27afeac9e98b0864a5830df92c97137607513236d5b58aad6.mat,2717455,33ff7f87afeaa9f27afeac9e98b0864a5830df92c97137607513236d5b58aad6,15a/1f5,f0807f621a3a993e9eb4f1ce3abc2ddeaaf43d53,c6f92d1d62d0812c6cd67f258a4175e8a1ab7a2f,true,true,true,ds004563/derivatives/crossdecoding/sub-30_task-touchdecoding_crossdecoding.mat,7kaFTQpg97uZN2h7rA9uOUkXNtXdW7R6,false
sub-31,derivatives/crossdecoding/sub-31_task-touchdecoding_crossdecoding.mat,7b4e64ac602be4288c85c440fb07a768080d6997,SHA256E-s2770053--9e756a1757c51dde1550571c3357a50d55c4f63dc02d8e99f0a0ee6381132639.mat,2770053,9e756a1757c51dde1550571c3357a50d55c4f63dc02d8e99f0a0ee6381132639,8e1/ac5,a0a49d69926ee56c811751180f7cc5da18972ba3,1f9e4ce01727dc8abc1fcc5089c712ac91c08920,true,true,true,ds004563/derivatives/crossdecoding/sub-31_task-touchdecoding_crossdecoding.mat,DzoF09u8DnkHKVWrhuzz7tBJ7lQgO65C,false
sub-32,derivatives/crossdecoding/sub-32_task-touchdecoding_crossdecoding.mat,e8b9c95897e587b6e4b9fcb39a3d5cabb63e2a1c,SHA256E-s1119122--5a11a8b4ea3acadbc5be3bac064f0eaf82d62d62fafe04db80e9de8b56e59fbf.mat,1119122,5a11a8b4ea3acadbc5be3bac064f0eaf82d62d62fafe04db80e9de8b56e59fbf,592/b79,7dd8f178a296fd2a6d470609e822ddfe6aa7f793,dd16102b2aae26f6a4c125a5354228590701f251,true,true,true,ds004563/derivatives/crossdecoding/sub-32_task-touchdecoding_crossdecoding.mat,EPh59_ohPX5Ta4._RegSwnaaxRy4VZlS,false
sub-33,derivatives/crossdecoding/sub-33_task-touchdecoding_crossdecoding.mat,44ec52cf80e5d83f433bff78e0798fd1cd525588,SHA256E-s2679760--b0ad3883073fb71c59f2fa9bd70ab975e3f9d2f6f141e12899f236de2a86aaaf.mat,2679760,b0ad3883073fb71c59f2fa9bd70ab975e3f9d2f6f141e12899f236de2a86aaaf,5a7/677,02d4cbbaa2c6e57412fe792cc30396545df16ebc,567afb491338aadd195fb463f6f14e6d7610a80f,true,true,true,ds004563/derivatives/crossdecoding/sub-33_task-touchdecoding_crossdecoding.mat,9f_QZaceOcclvkcsaU9.vZKVtDErLkf1,false
sub-34,derivatives/crossdecoding/sub-34_task-touchdecoding_crossdecoding.mat,413e43bf8a5d6d38296b29f7716e1872830004c7,SHA256E-s2676492--3c6acddbed31149490d8d55a440da30fde25779add93fe957ddeac0fe3bb69e3.mat,2676492,3c6acddbed31149490d8d55a440da30fde25779add93fe957ddeac0fe3bb69e3,1db/064,254194fc6b6c17a7ecdba58e9d94e0fb4fc36006,c7ffba72f0bb4b731e72f60351a35ae8cf61dc0e,true,true,true,ds004563/derivatives/crossdecoding/sub-34_task-touchdecoding_crossdecoding.mat,NCenMZmkQe8OyrOZo6M7FxK6JyGZElLp,false
sub-35,derivatives/crossdecoding/sub-35_task-touchdecoding_crossdecoding.mat,b20b1ba7a0a0ca01459893565716023b6e2a26e9,SHA256E-s2604176--97068444478bbdf1da6dd56d5b69110765fad191e56a79f3e862a3dc8d835d3e.mat,2604176,97068444478bbdf1da6dd56d5b69110765fad191e56a79f3e862a3dc8d835d3e,61b/26b,5a24fbbc39010b71db2704f5cf54b59c0d80203d,62086db8ff1eb80904c4748f7e61d3f714121f1b,true,true,true,ds004563/derivatives/crossdecoding/sub-35_task-touchdecoding_crossdecoding.mat,BYbIn2ib7WCj__mZXRxwboViy6CxNeDK,false
sub-36,derivatives/crossdecoding/sub-36_task-touchdecoding_crossdecoding.mat,246cb4a81a8895c66dc5ea3100657dac27cf385a,SHA256E-s2753060--82d206d87f5e4b61023b9e322528228683243f75413ae019532b41aaec711c1c.mat,2753060,82d206d87f5e4b61023b9e322528228683243f75413ae019532b41aaec711c1c,0c2/67d,e801ffa48642936544006524213788a3a4105116,82465aafbc20b7ad831c6c9e0fc2e1e05284bb44,true,true,true,ds004563/derivatives/crossdecoding/sub-36_task-touchdecoding_crossdecoding.mat,XtekbS0OLot7e47dVtwk5Sm2.SwVGBzk,false
sub-37,derivatives/crossdecoding/sub-37_task-touchdecoding_crossdecoding.mat,4cc60119df2a14f55a3411fc8710ee99f9521d43,SHA256E-s2681242--09efa3427e7e9c43c6abdeed56015dbd26e710508dae8aba6ef473286306b584.mat,2681242,09efa3427e7e9c43c6abdeed56015dbd26e710508dae8aba6ef473286306b584,777/a3c,40076cd64e475c3fc7813913edb409f0d79bb004,6f706759c3829b71a8b55a2e8681917ef8538ba7,true,true,true,ds004563/derivatives/crossdecoding/sub-37_task-touchdecoding_crossdecoding.mat,boQZtLttZ.MlsUS3GHoqau9BvHtB_QHK,false
sub-38,derivatives/crossdecoding/sub-38_task-touchdecoding_crossdecoding.mat,c6322b4268f0617dd477061ff826c6df724816a4,SHA256E-s2671315--ba6e5fadf8cf7ec73f78a2d1e4689d4e822751a0b8d6c39fb06b4b5c63df83ef.mat,2671315,ba6e5fadf8cf7ec73f78a2d1e4689d4e822751a0b8d6c39fb06b4b5c63df83ef,63a/d67,27a6665a7b500271e7c3b34b4b11189fa6c9a8ab,17f05f751f1eccbab60b01432a6c258f749443a8,true,true,true,ds004563/derivatives/crossdecoding/sub-38_task-touchdecoding_crossdecoding.mat,mUgjH5Ba.S4NptDFud3UmV9JLwHaY6WO,false
sub-39,derivatives/crossdecoding/sub-39_task-touchdecoding_crossdecoding.mat,8302f59e8e8665f44bfe94db0cf4b3e174f6f18f,SHA256E-s2739315--ac5c1ea10ac8a58e7107ad626838e19955d6a3eec7ebbe4e2a56ff0270661782.mat,2739315,ac5c1ea10ac8a58e7107ad626838e19955d6a3eec7ebbe4e2a56ff0270661782,388/3da,0e0ef0260071a8c19e75dffe8fb2e4f12449d011,917896f25949f020ef708fdb08d4d17684a1f7b7,true,true,true,ds004563/derivatives/crossdecoding/sub-39_task-touchdecoding_crossdecoding.mat,IDI90fuSus30cBxleIjfPXZ4oy.dnujf,false
sub-40,derivatives/crossdecoding/sub-40_task-touchdecoding_crossdecoding.mat,a853def4bf755950c26e0b683ce0f0be10052b65,SHA256E-s2724062--2450f9683c54cc302b0b99e062f28a25379d4cdf98298d9836c949d6437e35cd.mat,2724062,2450f9683c54cc302b0b99e062f28a25379d4cdf98298d9836c949d6437e35cd,799/226,47cf9ee0093a6719f688976e2ad5a843d79786c0,6c7e193fb797c32cdaf30e9701281de0e7cc7e73,true,true,true,ds004563/derivatives/crossdecoding/sub-40_task-touchdecoding_crossdecoding.mat,kWHhYePO_Chi7jZQCiDvKhYQmh4rnzlc,false
